mean_population,std_population
3.17437383E8,4257089.5415293295
